1a0042d6d7	616f5	Melanie Putri jeung Ferdge keur dipoto ku wartawan
1a0047888b	7a673	Dipa Nandastyra Hasibuan jeung Zidane Zidane keur dipoto ku wartawan
1a015edfde	ecdd0	Muhamad Kautsar Hikmat jeung Oprah Winfrey keur dipoto ku wartawan
1a0197287b	ffb6f	Zhang Yuqi aya dina koran poe Saptu
1a01c89648	3d6d7	Syahnaz Sadiqah jeung Natalie Imbruglia keur dipoto ku wartawan
1a01f22618	e098a	Nicky Astria olohok ningali David Beckham keur diwawancara
1a02fd3a39	d858f	Aura Kasih olohok ningali Prince keur diwawancara
1a030dbb8a	ac2b5	Widy Soediro Nichlany olohok ningali Melanie Iglesias keur diwawancara
1a040aefcf	67a62	Armand Maulana jeung Micheal Bubble keur dipoto ku wartawan
1a0455eabb	6bc99	Ipank BIP olohok ningali Maggie Cheung keur diwawancara
1a0478b771	efbf8	Ira Wibowo jeung Luis Suarez keur dipoto ku wartawan
1a04ccc6df	12baa	Shania Twain aya dina koran poe Kemis
1a04e7e936	87e9d	Ririn Dwi Ariyanti jeung Megan Fox keur dipoto ku wartawan
1a052a9020	514eb	Rio Febrian jeung Jesse Eisenberg keur dipoto ku wartawan
1a05482b51	05742	Sule jeung Jennifer Lawrence keur dipoto ku wartawan
1a0558cef1	2ec4b	Caitlin Halderman olohok ningali Celine Dion keur diwawancara
1a0586bfd5	225ad	Maudy Ayunda jeung Miley Cyrus keur dipoto ku wartawan
1a059d38e0	c4810	Nugie olohok ningali Ben Foster keur diwawancara
1a05bd52b4	42307	Saur Pamela Bowie kagiatan Rebo Nyunda mangrupikeun kagiatan anu ngariksa jeung ngamumule budaya Sunda
1a0644f6ba	bf6df	Paramitha Rusady jeung Monica Belluci keur dipoto ku wartawan
1a0679b4fb	d858f	Gugum Project Pop jeung Jack Davenport keur dipoto ku wartawan
1a06ecdd91	2ec4b	Rina Hasyim jeung Zang Zi Yi keur dipoto ku wartawan
1a07884698	95264	Aryani Fitriana olohok ningali Muhamad Ali keur diwawancara
1a078a6cc5	d442b	Darius Sinathrya jeung Usher keur dipoto ku wartawan
1a078e7a84	0a71b	Ibrahim Khalil Alkatiri olohok ningali Leo Bill keur diwawancara
1a0793a96d	487bf	Richard Kevin jeung Maria Menounos keur dipoto ku wartawan
1a08025b59	a8316	John Legend diliput ku media nasional
1a08081d3b	dd9c1	Joshua jeung Jessica Chastain keur dipoto ku wartawan
1a08508e25	e5d58	Dewi Sandra jeung Selena Gomez keur dipoto ku wartawan
1a089beb1d	533dc	Iwa K jeung Anthony Mackie keur dipoto ku wartawan
1a08c185c5	31a2d	Dina bulan Rewah taun sarebu salapan ratus salapan puluh dalapan seueur umat islam nu ngalakonan ibadah umrah
1a090841ff	e1ae6	Citra Kirana jeung Katy Perry keur dipoto ku wartawan
1a09315c3f	51c4e	Resty Wulandari jeung Sting keur dipoto ku wartawan
1a0a4952fb	14654	Suhu udara di Pegunungan Everest keur naek
1a0a7b8008	a90b3	Ranty Maria olohok ningali Simple Plan keur diwawancara
1a0acf7915	19a6b	Alvaro Maldini Siregar jeung Emilia Clarke keur dipoto ku wartawan
1a0acf95ab	5e21e	Stefan William jeung Kate Moss keur dipoto ku wartawan
1a0b2221af	59ba8	Laura Basuki olohok ningali Zayn Malik keur diwawancara
1a0b4f5312	abb41	Dhini Aminarti olohok ningali Fernando Torres keur diwawancara
1a0b8a4f9f	0a71b	Yuki Furukawa aya dina koran poe Kemis
1a0c77192c	d280a	Lydia Kandou olohok ningali Mia Masikowska keur diwawancara
1a0c888335	68487	Nicholas Saputra olohok ningali Kylie Jenner keur diwawancara
1a0cd09cd7	9ddc8	Memes olohok ningali Grace Kelly keur diwawancara
1a0cef99b8	3c00e	Tessa Kaunang jeung Gigi Hadid keur dipoto ku wartawan
1a0d0b4ae5	ab9b8	Anisa Bahar jeung Daniel Craig keur dipoto ku wartawan
1a0d1fac8c	47111	Jaja Mihardja jeung Ashlee Simpson keur dipoto ku wartawan
1a0d8a8177	3c00e	Aliando Syarif jeung Andy Lau keur dipoto ku wartawan
1a0d9acef6	c344c	Juwita Bahar olohok ningali Jennifer Aniston keur diwawancara
1a0e23abbc	4fe43	Andra Manihot olohok ningali Pierce Brosnan keur diwawancara
1a0e6cd81d	3d01c	Iko Uwais jeung Elijah Wood keur dipoto ku wartawan
1a0efc5d0a	0f56e	Sandra Dewi jeung Lee Yo Won keur dipoto ku wartawan
1a0f5c2d43	da0fd	Irgi Ahmad Fahrezi olohok ningali The Beatles keur diwawancara
1a0f99564b	c692a	Iko Uwais jeung Anne Hathaway keur dipoto ku wartawan
1a0ff4976a	24e05	Herjunot Ali jeung Ronaldo keur dipoto ku wartawan
1a1005d5d8	55f0a	Regina Ivanova jeung Orlando Bloom keur dipoto ku wartawan
1a10110c88	2f3dc	Marcel Chandrawinata jeung Ricky Martin keur dipoto ku wartawan
1a10ad7268	fb78d	Ginanjar jeung Wiz Khalifa keur dipoto ku wartawan
1a10c2c6a1	55c98	Alvaro Maldini Siregar jeung Song Hye Kyo keur dipoto ku wartawan
1a10c69d97	73dc4	Mellisa Karim olohok ningali Sam Hazeldine keur diwawancara
1a118214e4	58500	Aming olohok ningali Ranbir Kapoor keur diwawancara
1a1189267c	55f0a	Donita olohok ningali Rihanna keur diwawancara
1a11daaf49	c359b	Petra Sihombing olohok ningali Tina Turner keur diwawancara
1a11db94bf	cb4bc	Dewi Rezer jeung Gong Li keur dipoto ku wartawan
1a12137ec2	df383	Aryani Fitriana jeung Martina Hingis keur dipoto ku wartawan
1a12267dce	a8b8b	Soleh Solihun olohok ningali Bruno Mars keur diwawancara
1a12fc4756	c033c	Cristine Hakim jeung Martin Freeman keur dipoto ku wartawan
1a1359ec43	14654	Campur rata potongan ganas sarta apel.
1a13a83c2e	3d46c	Yovie Widianto jeung Kristen Stewart keur dipoto ku wartawan
1a13f8fe80	7d82d	Kristen Stewart diliput ku media nasional
1a141b4f60	fa86f	Indra Herlambang jeung Kate Moss keur dipoto ku wartawan
1a14a9179a	660d4	Acha Septriasa jeung Jet Li keur dipoto ku wartawan
1a14b17165	edb86	Okky Setiana Dewi jeung Will Smith keur dipoto ku wartawan
1a14dbe361	0f56e	Abi bade mios ka Bandung Barat
1a15c4b25d	8f3a3	Chrisye jeung Jordana Brewster keur dipoto ku wartawan
1a1613410e	7d3d1	Uya Kuya olohok ningali Samir Nasri keur diwawancara
1a16a879b1	c359b	Ben Joshua olohok ningali Dev Joshi keur diwawancara
1a16d316e3	10e73	Nico Siahaan olohok ningali Natalie Portman keur diwawancara
1a174af6dc	3a1c0	Farah Quinn jeung Michelle Yeoh keur dipoto ku wartawan
1a174bb854	e4149	Lulu Tobing jeung Kanye West keur dipoto ku wartawan
1a17962591	45fb2	Indra L. Bruggman olohok ningali Lee Jeong Suk keur diwawancara
1a17a1f168	3c069	Anisa Bahar jeung Emilia Clarke keur dipoto ku wartawan
1a17ba7f8e	cce81	Cucu Cahyati jeung Ashlee Simpson keur dipoto ku wartawan
1a185f4e9d	ee27e	Ita Purnamasari jeung Tina Turner keur dipoto ku wartawan
1a1867ef81	6fa43	Gugum Project Pop olohok ningali Keanu Reeves keur diwawancara
1a186d4074	f6cd2	Fenita Jayanti olohok ningali Ferdge keur diwawancara
1a18712d79	73dbe	Indra Bekti jeung Mick Jagger keur dipoto ku wartawan
1a192e3908	5a7e6	Rieke Diah Pitaloka jeung Mia Masikowska keur dipoto ku wartawan
1a19d8f330	f8d9d	Komeng jeung Grace Kelly keur dipoto ku wartawan
1a1a3e5bf7	22090	Dewi Persik jeung Jude Law keur dipoto ku wartawan
1a1a7a1d42	4644d	Ceci meunang bati gede
1a1a7a7af2	96244	Krisdayanti olohok ningali Steven Tyler keur diwawancara
1a1a93f6f7	194f2	Fatin Shidqia Lubis olohok ningali Eva Mendes keur diwawancara
1a1a94b3ef	0fbc8	Sheila Dara Aisha olohok ningali Angelina Jolie keur diwawancara
1a1ab9c304	60bbc	Teuku Rassya jeung Monica Belluci keur dipoto ku wartawan
1a1aefbd6c	e7309	Fernando Torres dongkap ka Indonesia
1a1b11209a	50686	Andy rif olohok ningali Lee Byung Hun keur diwawancara
1a1c7648f6	ef8bc	Revalina S. Temat jeung Avril Lavigne keur dipoto ku wartawan
1a1cae8a48	d034f	Raffi Ahmad kantos nepungan ratusan fans
1a1cc2de40	5600e	Tya Arifin olohok ningali James McAvoy keur diwawancara
1a1d030fbe	cce81	Kadek Devi olohok ningali Psy keur diwawancara
1a1dd89275	9c05e	Revalina S. Temat jeung Dani Harrison keur dipoto ku wartawan
1a1ddccb1c	2607b	Kevin Aprilio olohok ningali Winona Ryder keur diwawancara
1a1e59714c	47be2	Elizabeth Olsen aya dina koran poe Minggon
1a1e86671d	660d4	Cingcau hideung salah sahiji tutuwuhan cingcau.
1a1ea73c67	3d01c	Mang Deni maca seratan judulna Awwaluddini Makrifatullah
1a1eb952ff	31e4b	Rita Effendy olohok ningali Emma Stone keur diwawancara
1a1ec23407	1fc2b	Oppie Andaresta jeung Charlize Theron keur dipoto ku wartawan
1a1eefbcfb	efbf8	Mariana Renata jeung Samir Nasri keur dipoto ku wartawan
1a200ca4cb	d8999	Nadya Hutagalung jeung Megan Fox keur dipoto ku wartawan
1a20345ab0	eca6e	Titi Kamal jeung Kristopher Reeve keur dipoto ku wartawan
1a20906190	bd18e	Kadek Devi olohok ningali Rod Stewart keur diwawancara
1a20a0f3b2	67e7e	Meggie Z olohok ningali Hillary Clinton keur diwawancara
1a219782da	7ec38	Anjasmara olohok ningali Lee Seung Gi keur diwawancara
1a21b218f4	4fe43	Nunung olohok ningali Song Hye Kyo keur diwawancara
1a21d31089	52e86	Chevrolet beuki maju usahana
1a21fe6d03	e7a70	Nicky Astria jeung Robin Van Persie keur dipoto ku wartawan
1a223fb4eb	67e7e	Imam Darto jeung Nirvana keur dipoto ku wartawan
1a22aabbec	31e4b	Abi bade mios ka Puncak Darajat
1a22b832d9	b565b	Edi Brokoli jeung The Script keur dipoto ku wartawan
1a22e73ef5	deba0	Dimas Danang jeung Ranbir Kapoor keur dipoto ku wartawan
1a230644ec	ba355	Muhammad Fachroni jeung Yuki Furukawa keur dipoto ku wartawan
1a2380784c	ac51b	Dimas Danang olohok ningali Valentino Rossi keur diwawancara
1a23dd3b60	e537e	Epy Kusnandar olohok ningali Kang Min Hyuk keur diwawancara
1a242fac48	b836e	Mansyur S olohok ningali Jet Li keur diwawancara
1a2476e76a	d235c	Turis mancanagara keur ningali gerhana bulan poe Salasa di Bremen
1a249435c3	7a673	Faturrahman jeung Ferdge keur dipoto ku wartawan
1a2507da88	82801	Give me a break
1a252d2be6	8d736	Dewi Rezer jeung Nicholas Cafe keur dipoto ku wartawan
1a266553d8	011bf	Ello jeung Ben Stiller keur dipoto ku wartawan
1a26b8bc54	d82e5	Risty Tagor olohok ningali Chris Brown keur diwawancara
1a270b3fad	61589	Apple Martin aya dina koran poe Rebo
1a2793dede	d18ce	Natasha Wilona jeung Kareena Kapoor keur dipoto ku wartawan
1a27ff679c	09d50	Ramzy olohok ningali Queen keur diwawancara
1a28078f6e	760bf	Iszur Muchtar jeung Kate Winslet keur dipoto ku wartawan
1a2863411b	67f91	Saipul Jamil jeung Mark Ronson keur dipoto ku wartawan
1a286656e7	9ddc8	Sherina Munaf jeung Du Juan keur dipoto ku wartawan
1a298cc4bc	1053e	Risty Tagor jeung Will Smith keur dipoto ku wartawan
1a29b321fa	45662	Duit pamanjer jang kredit mobil minimal kudu dua persen
1a29e14bae	0b2c8	Sandy Tumiwa jeung Kat Dahlia keur dipoto ku wartawan
1a2a689a6d	e9e88	Titi Rajo Bintang olohok ningali Michelle Obama keur diwawancara
1a2ac46c65	3df5b	Uli Auliani olohok ningali Dakota Fanning keur diwawancara
1a2b5f18c4	ae920	Raisa olohok ningali Vanessa Hudgens keur diwawancara
1a2b79fe03	c862f	Ibrahim Khalil Alkatiri olohok ningali Georgie Henley keur diwawancara
1a2bdfd6ee	1f4af	Iwa K olohok ningali Magic keur diwawancara
1a2bea93b3	5f869	Ariel Noah olohok ningali Priyanka Chopra keur diwawancara
1a2c29adc5	50099	Ricky Harun olohok ningali Kate Moss keur diwawancara
1a2cc9f19d	d524b	Dewi Lestari jeung Super Junior keur dipoto ku wartawan
1a2d1f746b	8766c	Seniman nuju ngalukis Amerika Serikat
1a2d5098ee	6cdce	Arie Daginks olohok ningali Alan Rickman keur diwawancara
1a2e141d49	9c919	Raditya Dika olohok ningali Avril Lavigne keur diwawancara
1a2e3ed773	0ca3d	Mariana Renata olohok ningali Rolling Stone keur diwawancara
1a2e59b848	649e7	Ali Syakieb jeung Pink keur dipoto ku wartawan
1a2e61269a	50b8d	Arkarna dipoto ku paparazi
1a2e73f65f	22576	Amir Khan keur liburan di pantai
1a2eaf29aa	c88de	Olla Ramlan olohok ningali Margot Robbie keur diwawancara
1a2ec87db3	fab52	Ronal Surapradja olohok ningali Rod Stewart keur diwawancara
1a2f0586f1	0fc9b	Betharia Sonata olohok ningali Neil Casey keur diwawancara
1a2f26b6ac	3929c	Fenita Jayanti jeung Barack Hussein Obama keur dipoto ku wartawan
1a2f332cda	616f5	Agus Kuncoro olohok ningali Bigbang keur diwawancara
1a2f33929e	f8d9d	Feni Rose olohok ningali Katie Holmes keur diwawancara
1a2fde1a1d	88ef1	Olla Ramlan jeung Sam Smith keur dipoto ku wartawan
1a3003e7dc	2ec4b	Ridwan Ghani olohok ningali Bill Clinton keur diwawancara
1a304f1053	4644d	Ridho Roma jeung Shakira keur dipoto ku wartawan
1a30b4024b	61d18	Patimah miharep jadi presiden
1a3100b72b	a90b3	Nadya Hutagalung olohok ningali Serena Williams keur diwawancara
1a316517f8	d85bd	Diana Widoera jeung Niall Horran keur dipoto ku wartawan
1a31b132ee	96d60	Kang Ibing jeung Jack Davenport keur dipoto ku wartawan
1a31b31698	1973a	Elijah Wood aya dina koran poe Saptu
1a31dee0f2	01f2f	Petra Sihombing olohok ningali Elena Levon keur diwawancara
1a325dbd42	c862f	Muhamad Farhan jeung Taylor Lautner keur dipoto ku wartawan
1a33194c38	abb41	Lala Karmela olohok ningali Janet Jackson keur diwawancara
1a33988dec	1fc2b	Melanie Putri olohok ningali Choi Siwon keur diwawancara
1a33d84f0d	4fc01	Mona Ratuliu jeung Bono keur dipoto ku wartawan
1a340e959c	61589	Chand Kelvin olohok ningali Du Juan keur diwawancara
1a343b2f82	efbf8	Uyan Suryana jeung Zhang Yuqi keur dipoto ku wartawan
1a3451b446	47111	Dony Kesuma jeung Hayden Panettiere keur dipoto ku wartawan
1a34835dfe	efbdf	Mulan Jameela jeung Barbara Windsor keur dipoto ku wartawan
1a34aaa80d	32d3d	Parto olohok ningali Kathy Griffin keur diwawancara
1a34be3c16	f362f	Abi bade mios ka Grogol
1a3542fb95	95b45	Vino Bastian jeung Ben Affleck keur dipoto ku wartawan
1a3560eded	26aa1	Sandra Dewi jeung Super Junior keur dipoto ku wartawan
1a357e0489	dd9c1	Syifa Latief olohok ningali Katy Perry keur diwawancara
1a35c4a372	0adc1	Farri Icksan Wibisana jeung Sebastian Stan keur dipoto ku wartawan
1a36e6c9c2	1edc4	Didi Riyadi olohok ningali Kim Kardashian keur diwawancara
1a376bdaa6	3c69e	Rano Karno olohok ningali Yoon Bomi keur diwawancara
1a3777cb6f	e84ea	Lydia Kandou jeung Sam Spruell keur dipoto ku wartawan
1a379f4cac	f692a	Melinda olohok ningali Hayden Panettiere keur diwawancara
1a38abe3d9	8288e	Titiek Puspa jeung Muhamad Ali keur dipoto ku wartawan
1a38f79e3c	72b2b	Morgan Oey olohok ningali Kang Min Hyuk keur diwawancara
1a390355c4	9aca5	Abi bade mios ka Stasiun Gede Bage
1a39d1429e	1bd41	Indah Wisnuwardana olohok ningali Demi Lovato keur diwawancara
1a39fb7c45	756aa	Christian Sugiono jeung Liam Payne keur dipoto ku wartawan
1a3acd655b	cae56	Peggy Melati Sukma olohok ningali Maher Zein keur diwawancara
1a3c0b294b	1e36f	Marchell olohok ningali Katie Holmes keur diwawancara
1a3c2017f2	78192	Muhammad Fachroni jeung Maria Ozawa keur dipoto ku wartawan
1a3e24b267	a9811	Komeng jeung Kolo Taure keur dipoto ku wartawan
1a3e8e739a	41853	Rita Tila jeung Joe Jonas keur dipoto ku wartawan
1a3eb1eed9	43561	Sakutra Ginting jeung Lee Min Ho keur dipoto ku wartawan
1a3eb76a0f	649e7	Indra L. Bruggman olohok ningali Kristopher Reeve keur diwawancara
1a3ebdf79d	d442b	Luna Maya olohok ningali Winona Ryder keur diwawancara
1a3ed1b8e3	d01ca	Benny Likumahua jeung Kate Winslet keur dipoto ku wartawan
1a3efc1849	6e5d4	Donna Harun jeung Khloe Kardashian keur dipoto ku wartawan
1a3f02f49e	05742	Aurel Hermansyah jeung David Bowie keur dipoto ku wartawan
1a3fae0a22	2f3dc	Abah Us Us olohok ningali Martina Hingis keur diwawancara
1a4090fb25	5e21e	Rieke Diah Pitaloka jeung Cristhoper Waltz keur dipoto ku wartawan
1a40ef7ff8	c045e	Mieke Wijaya kantos nepungan ratusan fans
1a415b305a	b1274	Wartawan keur nyiar berita di Gelora Bung Karno
1a416d97e6	ce76e	Sulistyowati olohok ningali Joan Allen keur diwawancara
1a4171ba48	ef8bc	Acha Septriasa olohok ningali Lady Gaga keur diwawancara
1a4176fc0e	1fc2b	"Kareta datang dua belas menit sakali"
1a41ad9698	c583c	Rezky Aditya olohok ningali Celine Dion keur diwawancara
1a41c85c5c	9c05e	Tapi paurna patumpuk-tumpuk nya.
1a41dc570d	994c3	Tangkey daunna panjang jeung buluan.
1a42444f38	01f12	Latief Sitepu jeung Chris Hemsworth keur dipoto ku wartawan
1a42ff120b	55f0a	Egi John olohok ningali Lily Allen keur diwawancara
1a4399f558	37fd9	Fitri Tropika jeung Adam Levine keur dipoto ku wartawan
1a447d500d	68e4b	Rio Dewanto jeung Martina Hingis keur dipoto ku wartawan
1a44b144c2	59302	Ahmad Al-Ghazali olohok ningali Charlize Theron keur diwawancara
1a45d90392	ae920	Parto olohok ningali Amy Adams keur diwawancara
1a462d9600	7a02f	Christina MarÃ­a Aguilera aya dina koran poe Minggon
1a4656ae37	1b9fd	Andra Manihot jeung Charlize Theron keur dipoto ku wartawan
1a467ad4c9	54d2f	Tike Priatnakusuma jeung David Archuletta keur dipoto ku wartawan
1a46998147	87e9d	Mona Ratuliu olohok ningali Wayne Rooney keur diwawancara
1a46c95968	deba0	Seniman nuju ngalukis Fukuoka
1a471b62b8	844fe	Rangga Dewamoela jeung Kendall Jenner keur dipoto ku wartawan
1a48234100	cbd95	Iszur Muchtar jeung Vigo Mortensen keur dipoto ku wartawan
1a48d3e60b	3c00e	Indy Barens olohok ningali Donnie Yan keur diwawancara
1a49728372	66ed4	Dina Lorenza jeung Olivia Wilde keur dipoto ku wartawan
1a4a0b6b0c	66ed4	Teuku Rassya olohok ningali Muse keur diwawancara
1a4a50dc21	60bbc	Latief Sitepu jeung Masami Nagasawa keur dipoto ku wartawan
1a4a55be0a	54523	Sule jeung Elena Levon keur dipoto ku wartawan
1a4aadafb4	e4149	Benny Likumahua jeung Mick Jagger keur dipoto ku wartawan
1a4ad020bb	25fb1	Natasha Wilona jeung Wiz Khalifa keur dipoto ku wartawan
1a4b5b2ad2	a30ca	Yovie Widianto jeung James Bay keur dipoto ku wartawan
1a4b8e1374	88b8d	Irgi Ahmad Fahrezi olohok ningali Lauren Maher keur diwawancara
1a4ba4e5fc	9a956	Mo Sidik jeung Nicky Minaj keur dipoto ku wartawan
1a4c9a07dc	abb0a	Richard Kevin jeung Calvin Harris keur dipoto ku wartawan
1a4d17a7b0	9655d	Addie MS olohok ningali Du Juan keur diwawancara
1a4d181f2b	7acae	Zaskia Gotik jeung Ian McKellen keur dipoto ku wartawan
1a4d206961	6bc99	Chico Jericho jeung Elsa Pataky keur dipoto ku wartawan
1a4d4c3fe9	ab9b8	Donna Agnesia jeung Maria Carey keur dipoto ku wartawan
1a4d4f7b7d	145d0	Soraya Rasyid olohok ningali Vigo Mortensen keur diwawancara
1a4dd6d31f	7d82d	Jessica Milla olohok ningali Mandy Moore keur diwawancara
1a4dea5ffa	c692a	Lulu Tobing jeung Stephen Fry keur dipoto ku wartawan
1a4df6b9f3	cd480	Loba wartawan anu ngaguar lalampahan Dewi Novitasari tisaprak dipasihan panghargaan ti Presiden
1a4e6988ae	0fc55	Kompleks perumahan anu caket Gunung Malabar agreng pisan
1a4ea10d81	1dac6	Mariana Renata jeung Leonardo DiCaprio keur dipoto ku wartawan
1a4ea481fd	0b2c8	Aurel Hermansyah jeung Micheal Jackson keur dipoto ku wartawan
1a4f113dab	abb0a	Cristine Hakim olohok ningali Shakira keur diwawancara
1a4f429335	c424e	Mandra jeung Sting keur dipoto ku wartawan
1a4f652868	0a670	Muhamad Kautsar Hikmat olohok ningali Psy keur diwawancara
1a515d8c08	20bc2	Vina Panduwinata olohok ningali Kat Dahlia keur diwawancara
1a51758e04	26d78	Trie Utami olohok ningali Shahid Kapoor keur diwawancara
1a51e07835	f8d9d	Irish Bella olohok ningali Keira Knightley keur diwawancara
1a53da74ae	13994	Luna Maya jeung Helena Bonham Carter keur dipoto ku wartawan
1a54293503	51c4e	Oka Antara olohok ningali Preity Zinta keur diwawancara
1a54760afc	59302	Diana Widoera olohok ningali Pharrell Williams keur diwawancara
1a5491b1cd	3497c	Rita Tila olohok ningali Norah Jones keur diwawancara
1a54bd3499	55e3c	Awak Metallica lintuh
1a54c2b74f	8f3a3	Soimah jeung Yui keur dipoto ku wartawan
1a55520296	d858f	Choky Sitohang olohok ningali Sam Claflin keur diwawancara
1a555ca797	c67e1	Abi bade mios ka Pantai Citepus
1a5565cb24	3495c	Dewi Sandra jeung Lady Gaga keur dipoto ku wartawan
1a55acc345	d53f1	Hanung Bramantyo jeung Aaron Kwok keur dipoto ku wartawan
1a55f1067a	89255	Indra L. Bruggman olohok ningali Julia Winter keur diwawancara
1a5626b006	d85ab	Inul Daratista jeung Ed Sheeran keur dipoto ku wartawan
1a569400de	34d8d	Irgi Ahmad Fahrezi olohok ningali Joan Allen keur diwawancara
1a57244a1d	0ca3d	What effect are we humans having on the natural world
1a5738a212	f9ba2	Faturrahman jeung Anna Sophia Robb keur dipoto ku wartawan
1a5789b624	de998	Abdel jeung David Archuletta keur dipoto ku wartawan
1a57d6c050	c359b	Nia Zulkarnaen jeung Nandish Sandhu keur dipoto ku wartawan
1a57e9d1be	3179e	Mohammad Tria Ramadhani olohok ningali Elizabeth Olsen keur diwawancara
1a582fea4a	ffb6f	Lanceuk urang ngaranna Priatna
1a58a56da8	3497c	Arie Daginks jeung John Mayer keur dipoto ku wartawan
1a58c79441	87226	Aming jeung Metallica keur dipoto ku wartawan
1a5958f852	51c4e	Lola Amaria jeung Wynton Marsalis keur dipoto ku wartawan
1a59908c4a	e7309	Ronal Surapradja olohok ningali Paul Walker keur diwawancara
1a59dd10d7	cce81	Egi John jeung Annie Lenox keur dipoto ku wartawan
1a59e936a4	d85bd	Diana Widoera jeung Chris Brown keur dipoto ku wartawan
1a5a6119ef	e116c	Asep Darso jeung Kate Moss keur dipoto ku wartawan
1a5a643fef	d235c	Jui olohok ningali Gwen Stefani keur diwawancara
1a5a6e63c0	34d8d	Hawa di Kroasia tiris
1a5a810f2d	d01ca	Sora Ferry Salim rancage kabula-bale
1a5a8c7e1d	f4f1b	Andy rif olohok ningali Daniel Craig keur diwawancara
1a5b03e1b4	41853	Ersa Mayori jeung Stevie Wonder keur dipoto ku wartawan
1a5b2fc8ad	0cd1b	Hanung Bramantyo olohok ningali Vicki Zao keur diwawancara
1a5b390bb3	3c69e	Lanceuk urang ngaranna Dodong
1a5b4050bb	bcd66	Dicky Wahyudi olohok ningali Zhao Wei keur diwawancara
1a5b96ebb8	b9ccd	Uya Kuya jeung Gina Carano keur dipoto ku wartawan
1a5be0a762	15438	Peggy Melati Sukma jeung Khloe Kardashian keur dipoto ku wartawan
1a5c33ff95	149a4	Latief Sitepu jeung Johnny Depp keur dipoto ku wartawan
1a5cb042ad	ee6ff	Walanda sakapeung disebut minangka Holland.
1a5cf7ff80	4d839	Sam Bimbo jeung Jackie Chan keur dipoto ku wartawan
1a5cfa8e64	3d46c	Dony Kesuma jeung Scarlett Johansson keur dipoto ku wartawan
1a5d5a7334	01bcd	Indah Wisnuwardana jeung Robin Van Persie keur dipoto ku wartawan
1a5d96fc88	45457	Camelia Malik olohok ningali James McAvoy keur diwawancara
1a5d9dcc96	7fd4c	Ayu Ting-ting jeung Dido keur dipoto ku wartawan
1a5e25cd33	f270b	Indro olohok ningali Lin Dan keur diwawancara
1a5e784f25	c8e52	Ari Lasso olohok ningali Salman Khan keur diwawancara
1a5f71a36b	c23c4	Natasha Wilona olohok ningali Lindsay Ducan keur diwawancara
1a5fc491e7	e5d58	Dicky Wahyudi olohok ningali Rolling Stone keur diwawancara
1a60128bba	b6275	Iszur Muchtar jeung Melanie Iglesias keur dipoto ku wartawan
1a6014da7f	dd38b	Yayan Jatnika jeung Tyra Banks keur dipoto ku wartawan
1a601c65cd	95264	Seueur nu milarian gambar Terminal Bekasi di internet
1a60adc072	7484d	Audy Item olohok ningali Richard Gere keur diwawancara
1a60b5b459	8e7ca	Marcel Chandrawinata olohok ningali Alam Tam keur diwawancara
1a61b68193	3cfa7	com led the charge in making electronic books popular
1a61d7a50a	fb500	Lulu Tobing olohok ningali Nandish Sandhu keur diwawancara
1a62043efb	58500	Rano Karno olohok ningali Ben Foster keur diwawancara
1a62200a69	ce76e	Cut Tari olohok ningali Kat Dahlia keur diwawancara
1a62789734	0fc9b	Oscar Isaac aya dina koran poe Kemis
1a62d5a4a6	9655d	Yana Julio jeung Sting keur dipoto ku wartawan
1a62f3bb4c	e70b7	Maudy Ayunda kungsi ngopi di cafe
1a6381c07d	035eb	Lala Karmela olohok ningali Jessica Simpson keur diwawancara
1a63efb9cf	abb0a	Intan Nuraini jeung Dido keur dipoto ku wartawan
1a64099d41	32d3d	Virzha jeung Pierre Coffin keur dipoto ku wartawan
1a6438e27a	61d18	Glenn Fredly olohok ningali Richard Harris keur diwawancara
1a64cee50f	1dac6	Ginanjar olohok ningali Chris Evans keur diwawancara
1a65325057	275e0	Zaskia Gotik olohok ningali Eden Hazard keur diwawancara
1a65a56be2	c88de	Cinta Laura jeung Freedie Mercury keur dipoto ku wartawan
1a65edcb66	d524b	Ayeuna omset Emba ningkat dugi ka 10 juta rupiah
1a65ef364a	e5c6d	Widy Soediro Nichlany olohok ningali Sienna Miller keur diwawancara
1a66a7dbc3	1fc2b	Soleh Solihun olohok ningali Gina Carano keur diwawancara
1a66c93f88	d8999	Aliando Syarif jeung Barack Hussein Obama keur dipoto ku wartawan
1a66f28e07	616f5	Lesti Andryani jeung Leonardo DiCaprio keur dipoto ku wartawan
1a67848700	26869	Tommy Kurniawan olohok ningali Sun Kang keur diwawancara
1a67f2946a	29ae6	Andy rif jeung Angelina Jolie keur dipoto ku wartawan
1a6815e34f	73dbe	Demi Lovato aya dina koran poe Saptu
1a6857598b	0dc09	Uya Kuya olohok ningali Pink keur diwawancara
1a688b17cd	6a617	Virnie Ismail jeung Rupert Graves keur dipoto ku wartawan
1a697c6f1d	edb86	Agatha Chelsea olohok ningali Andrew Scott keur diwawancara
1a69da7fd2	7fb8d	Revalina S. Temat olohok ningali Aditya Roy Kapoor keur diwawancara
1a6a6b51ae	3c00e	Zaskia Gotik jeung Jared Leto keur dipoto ku wartawan
1a6a6d7248	9655d	Nini Carlina olohok ningali Samir Nasri keur diwawancara
1a6a9b03ac	0160c	Nikita Mirzani olohok ningali Jason Statham keur diwawancara
1a6a9ce2f5	96244	Lola Amaria jeung Song Joong Ki keur dipoto ku wartawan
1a6ad04b10	7d82d	Epy Kusnandar jeung Kirsten Dunst keur dipoto ku wartawan
1a6b1494dc	01f2f	Lesti Andryani jeung Sun Yang keur dipoto ku wartawan
1a6b561935	bd18e	Rangga Dewamoela olohok ningali Katrina Kaif keur diwawancara
1a6c16a8bd	dd9c1	Yongki olohok ningali Mandy Moore keur diwawancara
1a6d4a879e	01bcd	Soleh Solihun olohok ningali Maria Carey keur diwawancara
1a6d686256	6a617	Sandra Dewi jeung Josh Groban keur dipoto ku wartawan
1a6d8c9628	1a92a	Melly Herlina jeung Obama keur dipoto ku wartawan
1a6da89ca3	34d8d	Alessia Cestaro jeung Hugh Jackman keur dipoto ku wartawan
1a6de08673	61d18	Kang Ibing olohok ningali Gareth Bale keur diwawancara
1a6e58b47a	89c26	Donita jeung Dani Harrison keur dipoto ku wartawan
1a6fc23d74	14aa8	A goldfish is a type of carp
1a6fe4fe17	9f054	Iwa K jeung Celine Dion keur dipoto ku wartawan
1a6fe705ac	67e7e	Ario Batu jeung Mesut Ozil keur dipoto ku wartawan
1a704220ce	43561	Diana Widoera jeung Zhang Yuqi keur dipoto ku wartawan
1a70d81d44	72b2b	Isyana Sarasvati jeung Vigo Mortensen keur dipoto ku wartawan
1a70ed1b4b	76251	Lola Amaria jeung Jason Mraz keur dipoto ku wartawan
1a715c6730	67483	Dina bulan Sapar taun dua rebu lima seueur umat islam nu ngalakonan ibadah umrah
1a7199ec8c	42307	Eno Netral olohok ningali Cheryl Crow keur diwawancara
1a71e56966	d17f3	Terry Putri olohok ningali Priyanka Chopra keur diwawancara
1a7211ccd0	32524	Latief Sitepu olohok ningali Nirvana keur diwawancara
1a72473311	fab52	Kadek Devi olohok ningali Elijah Wood keur diwawancara
1a726735ff	e1ae6	Sandy Sandoro jeung Cristhoper Waltz keur dipoto ku wartawan
1a729d0ff6	91f85	Acha Septriasa olohok ningali Kim So Hyun keur diwawancara
1a72a9f42e	0cd1b	Oka Antara jeung Emily Blunt keur dipoto ku wartawan
1a72ac7486	82b26	Sherina olohok ningali Sarah Jessica Parker keur diwawancara
1a73311817	9ddc8	Komeng jeung George Clooney keur dipoto ku wartawan
1a7388e57f	fd713	Nino Fernandez jeung Daniel Craig keur dipoto ku wartawan
1a73f26087	ab9b8	Kang Min Hyuk aya dina koran poe Salasa
1a741adde6	d442b	Titi Rajo Bintang olohok ningali Chris Brown keur diwawancara
1a745438cb	d53f1	Karna terharu kalawan kemurahan hate Duryodana.
1a748bc818	26869	Wingky Wiryawan olohok ningali Cher keur diwawancara
1a75d2cf9c	f1b6a	Rossa jeung Julia Robert keur dipoto ku wartawan
1a7652502e	32d3d	Dude Herlino jeung Sam Smith keur dipoto ku wartawan
1a769443c7	87e9d	Calvin Jeremy olohok ningali Annie Lenox keur diwawancara
1a772aa4f8	ecdd0	Vino Bastian jeung Anna Sophia Robb keur dipoto ku wartawan
1a776defb4	cbd95	Lilis Karlina olohok ningali Jim Carey keur diwawancara
1a77a199be	8248c	Lilis Karlina jeung Emma Stone keur dipoto ku wartawan
1a77b78fc5	bbeef	Rio Dewanto olohok ningali Annie Lenox keur diwawancara
1a78b709c3	487bf	Indra Herlambang jeung Robert Downey keur dipoto ku wartawan
1a792314b9	0d965	Darius Sinathrya olohok ningali Maroon 5 keur diwawancara
1a7a4adeb0	2813a	Dewi Sandra jeung Ashlee Simpson keur dipoto ku wartawan
1a7a979585	f84a7	Jaja Mihardja jeung Micheal Bubble keur dipoto ku wartawan
1a7ac64ae1	3c69e	Artika Sari Devi olohok ningali Leonardo DiCaprio keur diwawancara
1a7ae4d0a3	fb78d	Sandra Dewi jeung Chris Hemsworth keur dipoto ku wartawan
1a7b19419a	29680	David Kurnia Albert jeung Jodie Foster keur dipoto ku wartawan
1a7bc7d957	bff0b	Arie Untung jeung Kaka keur dipoto ku wartawan
1a7c691706	deba0	Ussy Sulistyawati olohok ningali Anna Sophia Robb keur diwawancara
1a7c843fc9	cfe31	Emma Watson aya dina koran poe Senen
1a7d194524	d0306	Citra Kirana jeung Ciara keur dipoto ku wartawan
1a7d5c56ef	685d2	Asep Darso olohok ningali James Caan keur diwawancara
1a7d5ddd1e	f100e	Lola Amaria olohok ningali Dominic Monaghan keur diwawancara
1a7dec516c	93d5f	Sandy Sandoro olohok ningali Natalie Portman keur diwawancara
1a7ded00c9	757f5	Raline Shah jeung Gareth Bale keur dipoto ku wartawan
1a7e1bab38	e7978	Mulan Jameela olohok ningali Riz Ahmed keur diwawancara
1a7e2118a5	0f8c8	Andika ulin ka Museum Konferensi Asia Afrika
1a7e3e75c8	1fc2b	Saipul Jamil jeung Leo Bill keur dipoto ku wartawan
1a7e9f7c1e	85cc7	Hawa di Sabah tiris
1a7eff6fa8	624b2	Raline Shah jeung Gareth Bale keur dipoto ku wartawan
1a7f55efb3	8f3a3	Ikke Nurjanah jeung Sun Yang keur dipoto ku wartawan
1a7f5dd0f8	e5c6d	Loba anu ngalamar gawe ka Nokia
1a7f94dfc3	ffb6f	Rhoma Irama jeung Gigi Hadid keur dipoto ku wartawan
1a80003b03	91f85	Siti Badriah jeung Chris Brown keur dipoto ku wartawan
1a80538108	59302	Rek ngadon milu sare di imahna.
1a809a0bbb	337ba	Lydia Kandou olohok ningali Lea Michele keur diwawancara
1a80e62a0b	635ee	Dimas Anggara jeung Aaron Kwok keur dipoto ku wartawan
1a81373fe7	de998	Mieke Wijaya jeung Christina MarÃ­a Aguilera keur dipoto ku wartawan
1a81536d5a	d85bd	Jui jeung Leonardo DiCaprio keur dipoto ku wartawan
1a81c977ca	5b365	Mellisa Karim olohok ningali Jennifer Lopez keur diwawancara
1a81cf595b	f1b6a	Kimberly Ryder olohok ningali Gal Gadot keur diwawancara
1a81e8c263	ef8bc	Cangkangna bisa diolah jadi acar siga Bonteng.
1a820c9d9f	657b0	Ayu Ting-ting olohok ningali Kathy Griffin keur diwawancara
1a82352a83	f9ba2	Ngopi di Singaparna dibaturan ku Donna Harun rarasaan aya di kahyangan
1a825fb8fc	90c88	Prilly Latuconsina jeung Emily Blunt keur dipoto ku wartawan
1a827aac96	514eb	Tio Pakusadewo jeung Pep Guardiola keur dipoto ku wartawan
1a8292cca2	6e5d4	Verrell Bramastra jeung Stephen Fry keur dipoto ku wartawan
1a82e98378	464cb	Ridho Roma olohok ningali George Clooney keur diwawancara
1a831d5675	969a4	Rina Nose jeung Ashley Judd keur dipoto ku wartawan
1a8332873b	bf2f1	Samuel Rizal jeung Zidane Zidane keur dipoto ku wartawan
1a836f9d68	22a15	Najwa Shihab olohok ningali Vin Diesel keur diwawancara
1a83845420	89d5b	Laudya Chintya Bella jeung Bae Su Ji keur dipoto ku wartawan
1a83f45bca	81d60	Aliando Syarif jeung Barack Hussein Obama keur dipoto ku wartawan
1a855d1b2e	a07fd	Agus Kuncoro jeung Zayn Malik keur dipoto ku wartawan
1a8570026c	f6b01	Seueur nu milarian gambar Majalaya di internet
1a8590344c	09d50	Rieke Diah Pitaloka olohok ningali Shaheer Sheikh keur diwawancara
1a85e02c11	c1ca6	Maladewa kakoncara sakuliah dunya
1a85fdb9ae	b9719	Donita hoyong apal Teheran
1a864dc733	181e0	Sherina jeung Yukie Nakama keur dipoto ku wartawan
1a868010ce	1bd41	Thomas Ramdhan olohok ningali Vladimir Putin keur diwawancara
1a8699e9e1	d264e	Ario Batu jeung Magic keur dipoto ku wartawan
1a873e9626	9c919	Junior Liem jeung Kang Min Hyuk keur dipoto ku wartawan
1a87587322	2f601	Lola Amaria olohok ningali Alicia Keys keur diwawancara
1a877cf9ce	3179e	Ruth Sahanaya olohok ningali Woody Allen keur diwawancara
1a878d339d	13d46	Ebith G. Ade olohok ningali Dakota Fanning keur diwawancara
1a8844f426	b6275	Abdel jeung Lee Seung Gi keur dipoto ku wartawan
1a8855288e	603bc	Naysila Mirdad olohok ningali Rupert Graves keur diwawancara
1a88afe96c	82b26	Ari Wibowo jeung Matt Damon keur dipoto ku wartawan
1a88c8e98c	cbd95	Foo Fighter aya dina koran poe Kemis
1a88e04bfc	c2973	Tike Priatnakusuma olohok ningali Brad Pitt keur diwawancara
1a89af1530	0f56e	Wingky Wiryawan olohok ningali Barbara Windsor keur diwawancara
1a8a02a9ca	f5b36	A washing machine is automatic
1a8a109761	c344c	Jaja Mihardja jeung Yuki Furukawa keur dipoto ku wartawan
1a8a2da837	c2973	Yuni Shara olohok ningali Song Hye Kyo keur diwawancara
1a8a7109a8	f89d0	Ruth Sahanaya olohok ningali Casey Affleck keur diwawancara
1a8a98c91c	42307	Ranty Maria jeung Choi Siwon keur dipoto ku wartawan
1a8b0cc475	e2017	Tessa Kaunang jeung Natalie Imbruglia keur dipoto ku wartawan
1a8b1b4ede	a67a4	Nyi Endit undur-unduran.
1a8b779787	0cddc	Surya Saputra olohok ningali Lily Allen keur diwawancara
1a8b90dbac	e7309	Nicholas Saputra jeung Octavia Spencer keur dipoto ku wartawan
1a8c6d33bf	47111	Nico Siahaan olohok ningali Scarlett Johansson keur diwawancara
1a8c76b879	5241f	Ashanti jeung Hayden Panettiere keur dipoto ku wartawan
1a8cdd76de	97a47	Gugum Project Pop olohok ningali Dev Joshi keur diwawancara
1a8e34efa2	8f3a3	Arzetti Bilbina olohok ningali Valentino Rossi keur diwawancara
1a8e9e3cde	3166e	Niall Horran aya dina koran poe Saptu
1a8ed96971	29ae6	Melinda olohok ningali Sun Yang keur diwawancara
1a8f4eda50	624b2	Justin Timberlake dongkap ka Indonesia
1a8fa29395	06b80	Inneke Koesherawati olohok ningali Dakota Fanning keur diwawancara
1a9003ef7a	9e037	Natasha Wilona jeung Eva Mendes keur dipoto ku wartawan
1a90210976	c88de	Doel Sumbang olohok ningali Jung Ji Hoon keur diwawancara
1a904cd756	fc883	Muhamad Farhan jeung Kirsten Dunst keur dipoto ku wartawan
1a9058552d	7ec38	Dimas Anggara olohok ningali Heath Ledger keur diwawancara
1a90ec0433	7ec38	Dido aya dina koran poe Minggon
1a91a628db	50099	Andika ulin ka Majalaya
1a91f8c7d4	b1274	Cucu Cahyati olohok ningali Lee Seung Gi keur diwawancara
1a920d013d	ef4ee	Sherina olohok ningali Bryan Cranston keur diwawancara
1a92c9dcad	38f13	Mang Koko jeung Dani Harrison keur dipoto ku wartawan
1a935a5566	1a92a	Meisya Siregar olohok ningali Ed Sheeran keur diwawancara
1a9366528c	1bd41	Manehna baeud sarta ngabalieur
1a93cd14f8	de17a	Isyana Sarasvati olohok ningali Park Bo Yung keur diwawancara
1a93e83285	13d46	Ridho Roma olohok ningali George Clooney keur diwawancara
1a93fd19dd	25fb1	Natasha Wilona olohok ningali Winona Ryder keur diwawancara
1a94328aa5	757f5	Kadek Devi jeung Ashlee Simpson keur dipoto ku wartawan
1a948d5d58	51c4e	Rita Effendy olohok ningali Gun N Roses keur diwawancara
1a94e1f7bf	b6940	Syifa Latief jeung Keanu Reeves keur dipoto ku wartawan
1a94e9512f	7ba94	Aming jeung Madonna keur dipoto ku wartawan
1a9504ad9f	fc883	Trie Utami olohok ningali Kylie Jenner keur diwawancara
1a950b0957	c2989	Lala Karmela olohok ningali The Beatles keur diwawancara
1a95572e90	6cbbe	Ari Sihasale olohok ningali Jessie J keur diwawancara
1a9611049c	1973a	Egi John olohok ningali Bryan Cranston keur diwawancara
1a966f06c8	8911e	Dony Kesuma olohok ningali Kat Dahlia keur diwawancara
1a967ef9ee	8911e	Dahlia Poland jeung Kristopher Reeve keur dipoto ku wartawan
1a96b4b335	96899	Harvey Malaiholo olohok ningali Megan Fox keur diwawancara
1a98297d8e	d31bd	Charly Van Houten jeung Cate Blanchett keur dipoto ku wartawan
1a990eb08d	7bf9e	Abi bade mios ka Antapani
1a992c93ef	145d0	Malaekat oge moal cicingeun pasti ngabantu.
1a9937a13a	3495c	Dahlia Poland olohok ningali Katrina Kaif keur diwawancara
1a999f1d6d	95200	Kaayaan di Cukang Taneuh teu pati rame
1a99cc57ea	9f054	Muhamad Farhan olohok ningali James Bay keur diwawancara
1a99d91c7f	54523	Vina Panduwinata olohok ningali Justin Timberlake keur diwawancara
1a9a0b16e9	16292	Boy William olohok ningali Oasis keur diwawancara
1a9a3c4419	c8ec1	Teuku Zacky olohok ningali Vanessa Branch keur diwawancara
1a9b0aea0a	ef8bc	Sherina Munaf olohok ningali Rooney Mara keur diwawancara
1a9b46bf7c	649e7	Fatin Shidqia Lubis jeung Song Hye Kyo keur dipoto ku wartawan
1a9b5f4b90	25275	Yura jeung Neymar keur dipoto ku wartawan
1a9bbeb406	67483	Arie Daginks jeung John Legend keur dipoto ku wartawan
1a9c12ac08	43561	Mang Koko jeung Kajol keur dipoto ku wartawan
1a9c8682c5	d01ca	Nico Siahaan olohok ningali Neymar keur diwawancara
1a9cfecbe7	f0157	Yovie Widianto jeung Tommy Lee Jones keur dipoto ku wartawan
1a9d5cbeea	43561	Rumaja ngarumpul di Madrid
1a9d8729fc	9f3bd	Jui jeung Andy Lau keur dipoto ku wartawan
1a9deade43	ac51b	Tessa Kaunang olohok ningali Priyanka Chopra keur diwawancara
1a9df82f46	34d8d	Rina Nose olohok ningali Grace Kelly keur diwawancara
1a9e196000	672b1	Inul Daratista olohok ningali Pink keur diwawancara
1a9e66f016	54523	Irungna Okky Setiana Dewi bangir
1a9ec9c301	3da7a	Lola Amaria jeung Lance Armstrong keur dipoto ku wartawan
1a9f672813	d85ab	Nikita Willy jeung Louise Brealey keur dipoto ku wartawan
1a9f9b55e7	dd9c1	Cristine Hakim jeung Taylor Lautner keur dipoto ku wartawan
1aa01105d5	428c4	Cate Blanchett diliput ku media nasional
1aa07cec8c	c583c	Hanjakal manehna teh teu nyakola pisan
1aa0904951	59302	"Ayeuna keur usum paila "
1aa0e211b3	8911e	Primus Yustisio olohok ningali Jack Black keur diwawancara
1aa0eff7c2	b6940	Ebith G. Ade jeung Jack Davenport keur dipoto ku wartawan
1aa0faff2d	52e86	Rio Febrian jeung Richard Burton keur dipoto ku wartawan
1aa147f75b	df383	Rizky Febian olohok ningali Yuki Furukawa keur diwawancara
1aa1d09017	5fbef	Rumaja ngarumpul di Darwin
1aa242791b	b836e	Chintya Lamusu jeung Donald Trump keur dipoto ku wartawan
1aa296b23c	c3f9e	Yuni Shara jeung Grace Kelly keur dipoto ku wartawan
1aa36646f3	c88de	Dicky Chandra jeung Keanu Reeves keur dipoto ku wartawan
1aa37479e0	d280a	Iszur Muchtar jeung Olivia Munn keur dipoto ku wartawan
1aa399def7	1374b	Suhu di Yokohama keur turun
1aa3d44022	7a02f	Chico Jericho jeung Whitney Houston keur dipoto ku wartawan
1aa3ec1ccb	c045e	Chelsea Islan jeung Josh Groban keur dipoto ku wartawan
1aa4b55cce	fb72e	Ersa Mayori olohok ningali Sting keur diwawancara
1aa4e6ea43	22090	Dewi Sandra jeung John Legend keur dipoto ku wartawan
1aa5797c76	194f2	Muhammad Iqbal olohok ningali Martina Hingis keur diwawancara
1aa59a74eb	7d3d1	Tyas Mirasih jeung Muse keur dipoto ku wartawan
1aa5cbb33c	90c88	Ujang masang poster Natalie Imbruglia di kamarna
1aa5e5a04d	3495c	Indah Dewi Pertiwi kantos nepungan ratusan fans
1aa5fc4f14	f8d9d	Sakedeung-sakeudeung update status jiga nu euweuh gawe
1aa66ba27a	e96a4	Nassar olohok ningali Sam Spruell keur diwawancara
1aa66c2c27	419f0	Isyana Sarasvati olohok ningali Cher keur diwawancara
1aa6d40db2	d6319	Darius Sinathrya jeung Baekhyun keur dipoto ku wartawan
1aa709380d	5a966	Gilang Ramadan jeung Sophie Turner keur dipoto ku wartawan
1aa73ef8e9	e9b98	Pasha Ungu jeung Ko Hyun Jung keur dipoto ku wartawan
1aa74ef245	50b8d	Dedi Petet jeung Mel Gibson keur dipoto ku wartawan
1aa786c80d	72b2b	Panonton ting haruleng ningali Nicole Kidman keur nyanyi di tipi
1aa808d432	cfe31	Kaayaan di Pelabuhan Merak teu pati rame
1aa87934f3	ecc41	Lee Jeong Suk keur liburan di pantai
1aa90fc9a9	ee6ff	Farah Quinn olohok ningali Alexa Chung keur diwawancara
1aa92953cf	55370	Nia Daniati olohok ningali Sandar Bullock keur diwawancara
1aa992c91a	e9e88	Ben Joshua olohok ningali Adriana Lima keur diwawancara
1aa9b40508	85107	Rod Stewart keur liburan di pantai
1aa9e8e22b	50099	Rolling Stone keur liburan di pantai
1aa9fc08c6	8248c	Suhu di Sirkuit Sepang keur turun
1aaa479c9a	61589	Aldi Taher olohok ningali Adriana Lima keur diwawancara
1aaabe3182	487bf	Memes jeung Pierce Brosnan keur dipoto ku wartawan
1aab9345c5	88ef1	Melly Herlina olohok ningali Matt Damon keur diwawancara
1aab9d0d00	8248c	Soimah olohok ningali Woody Allen keur diwawancara
1aabaf5112	c2989	Ramon T. Yungka jeung Scarlett Johansson keur dipoto ku wartawan
1aabcd3b49	a30ca	Donna Agnesia jeung Jeremy Irons keur dipoto ku wartawan
1aabd7e467	5600e	Mansyur S olohok ningali Aham Sharma keur diwawancara
1aabf7800a	a9811	Ine Shintya olohok ningali Emilia Clarke keur diwawancara
1aac68ee07	cf2c4	Kevin Aprilio olohok ningali Adam Levine keur diwawancara
1aac95c10c	3a1c0	Tommy Kurniawan jeung Shania Twain keur dipoto ku wartawan
1aadb281fd	31a2d	Tike Priatnakusuma jeung Rolling Stone keur dipoto ku wartawan
1aae3c6fac	c2973	Sakutra Ginting jeung Richard Gere keur dipoto ku wartawan
1aae5d38ee	933c1	Micheal Jackson papanggih jeung penggemarna
1aaf212530	e4149	Dewi Gita jeung Jesicca Alba keur dipoto ku wartawan
1aafaabf16	48220	Nowela jeung Demi Lovato keur dipoto ku wartawan
1aafc6f7de	fec28	Kantor MNC Media alus jeung gede
1ab0116349	5e242	Glenn Fredly olohok ningali Obama keur diwawancara
1ab0927668	fbeb5	Dewi Rezer olohok ningali Gina Carano keur diwawancara
1ab1702cee	e5d58	Urang leuweung kuring teh.
1ab1895998	b131a	Ricky Harun jeung Ashlee Simpson keur dipoto ku wartawan
1ab1a328e6	76251	Awak Neymar lintuh
1ab1bbfd09	24e05	Gisel Anastasia olohok ningali Super Junior keur diwawancara
1ab1db9291	4d839	Geus ilahar ditembongkeun dina dua wanda.
1ab1e5166d	1cb7d	Adjie Pangestu olohok ningali Seungri keur diwawancara
1ab1e6100b	95b45	Joe Taslim olohok ningali Michael Flatley keur diwawancara
1ab1ecc6a7	4672f	Agung Hercules olohok ningali Khloe Kardashian keur diwawancara
1ab240f9f8	337ba	Sule olohok ningali Michael Jordan keur diwawancara
1ab24e6c39	ea308	Ponky Brata olohok ningali Melanie Iglesias keur diwawancara
1ab27f0797	0fbc8	Reysa Chandragitta jeung Emily Blunt keur dipoto ku wartawan
1ab2bc417e	85107	Boy William jeung Tom Cruise keur dipoto ku wartawan
1ab3b5c9a9	d8999	Drama sok dipaenkeun di panggung.
1ab3ed9cfa	bd18e	Muhamad Farhan jeung Janet Jackson keur dipoto ku wartawan
1ab41547c9	ea308	Muhamad Kautsar Hikmat olohok ningali Blue Ivy keur diwawancara
1ab478f9dc	3cfa7	Sogi Indra Duaja jeung Mila Kunis keur dipoto ku wartawan
1ab58bb4b5	fb500	Dewi Lestari jeung Park Bo Yung keur dipoto ku wartawan
1ab5dea7d5	ab9b8	Charles Bonar Sirait jeung Kolo Taure keur dipoto ku wartawan
1ab6b261fe	844fe	Sok asa ngagebeg tur waas lamun ngadangu musibah di Saung Angklung Mang Udjo
1ab6f7ce78	c88de	Gisel Anastasia olohok ningali Led Zeppelin keur diwawancara
1ab6f8db5c	71071	Lilis Karlina olohok ningali Justin Beiber keur diwawancara
1ab71c17ed	c2f1d	Ibrahim Khalil Alkatiri jeung John Legend keur dipoto ku wartawan
1ab773322d	42307	Ari Alfalah jeung Simple Plan keur dipoto ku wartawan
1ab78bd5cb	a1888	Deva Mahendra olohok ningali Elena Levon keur diwawancara
1ab89d1b23	a1888	Arie Untung jeung Jude Law keur dipoto ku wartawan
1ab8b16d7b	cbd95	Arzetti Bilbina jeung Fan Bingbing keur dipoto ku wartawan
1ab8e54cba	60bbc	Soleh Solihun jeung Cristhoper Plumer keur dipoto ku wartawan
1ab907f9b1	a90b3	Mulan Jameela jeung Anna Sophia Robb keur dipoto ku wartawan
1ab9578be1	756aa	Ariyo Wahab olohok ningali Louis Armstrong keur diwawancara
1ab9aaf13c	b565b	Rita Tila jeung Kristen Bell keur dipoto ku wartawan
1aba3bd33d	d424a	Melinda jeung Marc Marquez keur dipoto ku wartawan
1aba49fcf0	e84ea	Stefan William olohok ningali John Mayer keur diwawancara
1aba4e8b74	6cdce	Fadly Padi jeung Jong Eun Ji keur dipoto ku wartawan
1abb172f07	97219	David Bowie aya dina koran poe Ahad
1abb2790ff	490f0	Revalina S. Temat olohok ningali Alexa Chung keur diwawancara
1abb88fd76	82b26	Luna Maya olohok ningali Lily Allen keur diwawancara
1abc222b0b	fb72e	Indah Dewi Pertiwi jeung Eva Mendes keur dipoto ku wartawan
1abc330de6	cbd95	Zaskia Gotik olohok ningali Lucy Liu keur diwawancara
1abc929688	c89eb	Haddad Alwi jeung Kajol keur dipoto ku wartawan
1abca26c5c	0160c	Chintya Lamusu jeung Yuki Furukawa keur dipoto ku wartawan
1abcb63ae8	d01ca	Lilis Karlina jeung Ariana Grande keur dipoto ku wartawan
1abcd8d500	ad74f	Bagian ieu ngandung sagala rupa zat giji.
1abcdd3dd7	4d83e	Asep Darso olohok ningali Tina Turner keur diwawancara
1abd33cadd	5c002	Alicia Keys diliput ku media nasional
1abd4cd98d	e96a4	Riafinola Ifani Sari jeung Lady Gaga keur dipoto ku wartawan
1abd73504d	9f3bd	Indah Wisnuwardana jeung Leonardo DiCaprio keur dipoto ku wartawan
1abd9ed73d	ae920	Lesti Andryani olohok ningali Hugh Jackman keur diwawancara
1abdc44576	b836e	Intan Nuraini jeung Alexa Chung keur dipoto ku wartawan
1abdd7ff4d	50099	David Danu Danangjaya jeung Kate Upton keur dipoto ku wartawan
1abdd9ec02	0ac68	Revalina S. Temat jeung Dani Harrison keur dipoto ku wartawan
1abe0235f6	31a2d	Ayeuna Majalengka tiasa dipilarian dina peta
1abe1e0073	f89d0	Jaja Mihardja olohok ningali Angelina Jolie keur diwawancara
1abe2de64a	a10f1	Mamah angkat jam 23.00
1abe8b21c9	72b2b	Lesti Andryani jeung Jennifer Lopez keur dipoto ku wartawan
1abea5e04c	3cfa7	Indy Barens jeung Paula Abdul keur dipoto ku wartawan
1abf3ea14d	7c855	Nassar olohok ningali My Chemical Romance keur diwawancara
1abf8ae06e	f362f	Pharrell Williams diliput ku media nasional
1abf8e526c	0f56e	Alam olohok ningali Mark Gatiss keur diwawancara
1abfb03283	27eb8	Ibrahim Khalil Alkatiri olohok ningali Green Day keur diwawancara
1ac040573e	32d3d	Asep Darso jeung Rod Stewart keur dipoto ku wartawan
1ac06f2386	3166e	Indra Herlambang olohok ningali Johnny Depp keur diwawancara
1ac0864e9e	ecc41	Bungsu Bandung jeung James Caan keur dipoto ku wartawan
1ac15e97bc	1374b	Vincent Ryan Rompies olohok ningali Keanu Reeves keur diwawancara
1ac1ed0d72	51c4e	Naysila Mirdad olohok ningali Jessica Simpson keur diwawancara
1ac2c43647	f993c	Tio Pakusadewo olohok ningali Daniel Craig keur diwawancara
1ac3019984	22576	Nadine Chandrawinata olohok ningali Lindsay Ducan keur diwawancara
1ac31907dc	2b615	Kevin Aprilio jeung Serena Williams keur dipoto ku wartawan
1ac47a0617	de998	Krisdayanti olohok ningali Eva Mendes keur diwawancara
1ac49deab5	5a7e6	Nadine Chandrawinata olohok ningali Joe Jonas keur diwawancara
1ac4a94038	2412b	David Beckham aya dina koran poe Jumaah
1ac4f30bb8	a67a4	Hawa di Malaysia tiris
1ac5e37e6f	de17a	Uus jeung Luis Suarez keur dipoto ku wartawan
1ac61ed0bb	4c68d	Bunga Citra Lestari jeung Joe Biden keur dipoto ku wartawan
1ac654c1b9	7556e	Ngopi di Curug Dengdeng dibaturan ku David Danu Danangjaya rarasaan aya di kahyangan
1ac68998b7	a9811	Aurel Hermansyah jeung Chris Pane keur dipoto ku wartawan
1ac69416db	e33c2	Sora Muhamad Farhan rancage kabula-bale
1ac722b5a6	071f2	Sam Bimbo olohok ningali Anne Hathaway keur diwawancara
1ac767d3ea	88ef1	Reysa Chandragitta jeung Robert de Niro keur dipoto ku wartawan
1ac7c1c516	81d60	Lala Karmela jeung Andrew Scott keur dipoto ku wartawan
1ac7e879b8	bd18e	Imam Darto olohok ningali Tom Cruise keur diwawancara
1ac7f34f70	67483	Muhammad Fachroni jeung Lance Armstrong keur dipoto ku wartawan
1ac822b33c	4672f	Mandra jeung Kelly Clarkson keur dipoto ku wartawan
1ac834fa29	55e3c	Interwiki sareng kategori teu acan aya.
1ac86944b7	b4ffb	Dira Sugandi olohok ningali Keira Knightley keur diwawancara
1ac8a0f83b	5e21e	Raditya Dika olohok ningali Aditya Roy Kapoor keur diwawancara
1ac8dbd717	b1fa3	Mat Solar olohok ningali David Archuletta keur diwawancara
1ac95bda6d	85cc7	Iis Dahlia olohok ningali Kristen Bell keur diwawancara
1ac97b3987	d858f	Pirang-pirang media mancanagara ngaliput kakhasan di Frankfurt dinten Jumaah kamari
1ac9ff88d7	fffd8	Ibrahim Khalil Alkatiri jeung Cristhoper Plumer keur dipoto ku wartawan
1aca2ce3d0	df383	Raffi Ahmad jeung Kirsten Dunst keur dipoto ku wartawan
1acada7fe5	13d46	Elvy Sukaesih jeung Coldplay keur dipoto ku wartawan
1acb211fc2	4edfc	Didi Riyadi olohok ningali Octavia Spencer keur diwawancara
1acbcb2674	ee27e	Sogi Indra Duaja jeung Lee Byung Hun keur dipoto ku wartawan
1acbf89982	4c68d	Cika Kartika olohok ningali Aham Sharma keur diwawancara
1acc3287b5	2b20f	Titi DJ olohok ningali Louis Armstrong keur diwawancara
1acc4b7612	f6cd2	Uus olohok ningali Tom Felton keur diwawancara
1acc7fbcd6	4672f	Syahnaz Sadiqah jeung Tommy Lee Jones keur dipoto ku wartawan
1acc85f201	4c68d	Teuku Zacky jeung Woody Allen keur dipoto ku wartawan
1accf19a93	2b615	Hillary Clinton diliput ku media nasional
1acd83f7c1	cf2c4	Yayan Ruhlan olohok ningali Jared Leto keur diwawancara
1acdcd4bfe	2b615	Sok asa ngagebeg tur waas lamun ngadangu musibah di Ancol
1acdf0e246	95502	Reza Rahardian olohok ningali Michelle Yeoh keur diwawancara
1ace6de613	207fc	Tya Arifin olohok ningali Bill Clinton keur diwawancara
1ace7ff699	4fe43	Chintya Lamusu olohok ningali Leo Bill keur diwawancara
1acf3150bf	1fc2b	Ikke Nurjanah jeung Hayden Panettiere keur dipoto ku wartawan
1acf65ebe3	a8316	Chand Kelvin jeung Margot Robbie keur dipoto ku wartawan
1acf715dc1	e37af	Lala Karmela jeung Magic keur dipoto ku wartawan
1acf726451	31a2d	Judika Sitohang olohok ningali Shawn Mendes keur diwawancara
1acfd66c1f	9565e	Hermann Josis Mokalu olohok ningali Maria Ozawa keur diwawancara
1ad0125942	15438	Dicky Chandra jeung Octavia Spencer keur dipoto ku wartawan
1ad038d5cf	a9811	Abdel olohok ningali Serena Williams keur diwawancara
1ad06083bb	9c05e	Ari Wibowo olohok ningali John Legend keur diwawancara
1ad0e8b68d	47111	Melly Goeslaw jeung John Lennon keur dipoto ku wartawan
1ad166c080	93d5f	Ayu Ting-ting jeung Robert de Niro keur dipoto ku wartawan
1ad1932d22	c2f1d	Boy William jeung Justin Beiber keur dipoto ku wartawan
1ad1b00074	55f0a	Poppy Sovia jeung Gemma Arterton keur dipoto ku wartawan
1ad22eee9d	27eb8	Rumaja ngarumpul di Sirkuit Valencia
1ad2770365	55178	Zaskia Gotik jeung Mark Ronson keur dipoto ku wartawan
1ad2ac9010	1b9fd	Hetty Koes Endang olohok ningali Herbie Hancock keur diwawancara
1ad2cef6d0	52e86	Isyana Sarasvati jeung Daniel Craig keur dipoto ku wartawan
1ad2db3c32	0d965	Epy Kusnandar jeung Ashlee Simpson keur dipoto ku wartawan
1ad42377bc	7a673	Suhu udara di Praha keur naek
1ad4e2c7a4	464cb	Samir Nasri aya dina koran poe Rebo
1ad4ea146c	e1ae6	Dono olohok ningali Metallica keur diwawancara
1ad4eb7464	9aca5	Laudya Chintya Bella jeung Sophia Bush keur dipoto ku wartawan
1ad55feead	e116c	Tyas Mirasih olohok ningali Katrina Kaif keur diwawancara
1ad56be3a6	8d490	Dude Herlino jeung Zang Zi Yi keur dipoto ku wartawan
1ad5c2cceb	3497c	Charles Bonar Sirait olohok ningali Pink keur diwawancara
1ad63c19a0	c3f9e	Carita kahuruan anu lumangsung dinten Ahad wengi di Istana Merdeka geus sumebar kamana-mana
1ad66b41cc	b131a	Mulan Jameela olohok ningali Leslie Cheung keur diwawancara
1ad6b399a9	61d18	Maia Estianty jeung Adam Lambert keur dipoto ku wartawan
1ad6b72c86	e84ea	Sherina Munaf jeung Ashlee Simpson keur dipoto ku wartawan
1ad7024715	f692a	Kimberly Ryder jeung Michael Jordan keur dipoto ku wartawan
1ad714f457	1ae36	Ricky Harun jeung Nicole Kidman keur dipoto ku wartawan
1ad7352afb	85cc7	Haddad Alwi jeung Ranbir Kapoor keur dipoto ku wartawan
1ad7d57b47	2f3dc	Aldi Taher jeung Jessie J keur dipoto ku wartawan
1ad7f352a4	b6275	Ariel Tatum jeung Mirei Kiritani keur dipoto ku wartawan
1ad815be0d	22581	Djoni Permato jeung Michael Fassbender keur dipoto ku wartawan
1ad82f12c7	337ba	Ikke Nurjanah jeung Stephen Chow keur dipoto ku wartawan
1ad9489602	ce76e	Sandra Dewi olohok ningali Robert Pattinson keur diwawancara
1ad9baceeb	c692a	Rika Rafika olohok ningali Bryan Cranston keur diwawancara
1ad9bc1b78	8d736	Laudya Chintya Bella jeung Kirsten Dunst keur dipoto ku wartawan
1ad9fd75e3	89c26	Ingrid Kansil olohok ningali Jon Bon Jovi keur diwawancara
1ada7003d2	b1274	Harvey Malaiholo jeung The Script keur dipoto ku wartawan
1adac9b4ef	d01ca	Aryani Fitriana olohok ningali Maria Carey keur diwawancara
1add6e149a	d524b	Yayan Jatnika olohok ningali Mick Jagger keur diwawancara
1adda034eb	e7a70	Anisa Bahar jeung Anne Hathaway keur dipoto ku wartawan
1adda0ce0b	d01ca	Mohammad Tria Ramadhani olohok ningali Tom Cruise keur diwawancara
1adde8639f	ddf1a	Diana Widoera olohok ningali Magic keur diwawancara
1addf8aa1b	25275	Sok asa ngagebeg tur waas lamun ngadangu musibah di Tebing Keraton
1adf476b90	0f8c8	Sakutra Ginting jeung Mark Gatiss keur dipoto ku wartawan
1ae08d915c	2f3dc	Melly Goeslaw jeung David Beckham keur dipoto ku wartawan
1ae0ce236f	5a966	Sahila Hisyam olohok ningali Joan Allen keur diwawancara
1ae1251fc1	72b2b	Indra L. Bruggman jeung Super Junior keur dipoto ku wartawan
1ae13af38f	5cc41	Indra L. Bruggman olohok ningali Rupert Graves keur diwawancara
1ae144bc45	f6b01	Cher papanggih jeung penggemarna
1ae2ad00f6	cc7a3	My employer pays less money than other
1ae318a752	9aca5	Syahnaz Sadiqah olohok ningali Kate Moss keur diwawancara
1ae36edb0f	c2f1d	Parto olohok ningali Ranbir Kapoor keur diwawancara
1ae3be0492	9aca5	Irish Bella jeung Sting keur dipoto ku wartawan
1ae3db5932	9c05e	Abi bade mios ka Dago Pakar
1ae47d8208	16292	Rhoma Irama jeung Ashley Tisdale keur dipoto ku wartawan
1ae4bd193c	c359b	Kimberly Ryder jeung Serena Williams keur dipoto ku wartawan
1ae5f2ea18	72b2b	Reysa Chandragitta olohok ningali Park Bo Yung keur diwawancara
1ae62e73f8	e33c2	Teuku Rassya olohok ningali Paul Walker keur diwawancara
1ae7064b0d	27eb8	Laura Basuki jeung Barack Hussein Obama keur dipoto ku wartawan
1ae70e2042	4c1a4	Wartawan keur nyiar berita di Stadion Singa Perbangsa
1ae78aae72	0e114	Kartika Putri olohok ningali Toni Brexton keur diwawancara
1ae7de45d9	ae920	Titi DJ jeung Lee Yo Won keur dipoto ku wartawan
1ae865ebbd	9c05e	Didi Riyadi olohok ningali Park Bo Yung keur diwawancara
1ae8ce6da2	b131a	Mulan Jameela olohok ningali Bonnie Wright keur diwawancara
1ae9a399b6	c89eb	Joshua olohok ningali Meghan Trainor keur diwawancara
1ae9c2eab1	f9ba2	Iwan Fals olohok ningali Julia Robert keur diwawancara
1ae9cfc9f2	03de1	Deva Mahendra jeung Hugh Jackman keur dipoto ku wartawan
1ae9f1579a	09d50	Sok asa ngagebeg tur waas lamun ngadangu musibah di Banyumas
1aea011407	1dac6	Kimberly Ryder olohok ningali Kate Upton keur diwawancara
1aea654e8e	8248c	Oka Antara olohok ningali Jennifer Aniston keur diwawancara
1aea6b12a5	a90b3	Sok asa ngagebeg tur waas lamun ngadangu musibah di Situ Cangkuang
1aea82b40c	428c4	Terry Putri jeung Annie Lenox keur dipoto ku wartawan
1aeaa9e628	7ec38	Hirupna bisa nepi ka dua taun.
1aeac5edc9	1053e	Arina Mocca olohok ningali Natalie Imbruglia keur diwawancara
1aeae2c842	35d7a	Christian Sugiono jeung Adam Lambert keur dipoto ku wartawan
1aeae47754	3afd3	David Danu Danangjaya jeung Kolo Taure keur dipoto ku wartawan
1aeae8aba7	194f2	Harvey Malaiholo jeung Joan Allen keur dipoto ku wartawan
1aeb6b3b7a	7fd4c	Chand Kelvin olohok ningali Gong Li keur diwawancara
1aeb797245	756aa	Fachri Albar jeung Yoon Bomi keur dipoto ku wartawan
1aec1e6c17	ecc41	Trie Utami jeung Steven Tyler keur dipoto ku wartawan
1aec816398	4d83e	Mikha Tambayong jeung Kolo Taure keur dipoto ku wartawan
1aedb10921	cbd95	Lanceuk jeung adina awewe.
1aedc05900	c045e	Iszur Muchtar jeung Bae Su Ji keur dipoto ku wartawan
1aede26745	43cc0	Yayan Jatnika olohok ningali Won Bin keur diwawancara
1aee2824dc	616f5	Syifa Latief jeung Dido keur dipoto ku wartawan
1aeeaef87f	55c98	Kakuatan lini nu nepi dalapan skala Richter ngakibatkeun karuksakan pasilitas umum jeung karugian harta banda nepi ka 100 juta rupiah
1aeeb61f48	5e242	Syifa Latief olohok ningali Jun Ji Hyun keur diwawancara
1aeed9b711	bff0b	Kunto Aji jeung Song Hye Kyo keur dipoto ku wartawan
1aeede48d4	f692a	Sahrul Gunawan olohok ningali Kristen Bell keur diwawancara
1aeeebec9f	72b2b	Doel Sumbang olohok ningali Herbie Hancock keur diwawancara
1aef1c4825	90c88	A leg is part of a tour or journey
1aef32e9d2	cfe31	Wartawan keur nyiar berita di Situ Cisanti
1aef3d4e89	c8e52	Laura Basuki jeung Lee Min Ho keur dipoto ku wartawan
1aef677cb9	97219	Aurel Hermansyah jeung Robert Pattinson keur dipoto ku wartawan
1aefb438fd	0f56e	Dewi Novitasari olohok ningali Paul Walker keur diwawancara
1af050e414	5a966	Mario Ginanjar jeung Paul Walker keur dipoto ku wartawan
1af05f565e	43cc0	Kunto Aji olohok ningali Obama keur diwawancara
1af06d4f47	61d18	Syahrini jeung Liam Neeson keur dipoto ku wartawan
1af0d7768d	27d94	Intan Nuraini olohok ningali Foo Fighter keur diwawancara
1af0d93c6a	da0fd	Deswita Maharani jeung Taylor Swift keur dipoto ku wartawan
1af184820f	7327c	Sogi Indra Duaja olohok ningali Rupert Graves keur diwawancara
1af188fc8d	fd713	Ben Kasyafani olohok ningali Wayne Rooney keur diwawancara
1af2106f1e	4644d	Dewi Rezer olohok ningali Robert Pattinson keur diwawancara
1af2567402	1e36f	Astrid Tiar olohok ningali Georgie Henley keur diwawancara
1af25b5de9	deba0	Dedi Petet olohok ningali Sun Yang keur diwawancara
1af2671ae1	2607b	Andy rif jeung Anna Popplewell keur dipoto ku wartawan
1af29485bc	31a2d	Rhoma Irama jeung Ashley Tisdale keur dipoto ku wartawan
1af2d370c1	97a03	Ibrahim Khalil Alkatiri jeung Yuki Furukawa keur dipoto ku wartawan
1af315a9f5	a67a4	Mangga teh teuing.
1af33d9bec	cc705	Si awewe geus kesel nungguan.
1af363c76c	9b8f9	Elvi Sukaesih olohok ningali Zac Efron keur diwawancara
1af3b0de81	b4158	Djoni Permato olohok ningali Sarah Jessica Parker keur diwawancara
1af3c09d54	f9ba2	Ge Pamungkas olohok ningali Neil Casey keur diwawancara
1af4041c1e	d235c	Muhammad Iqbal olohok ningali Teresa Palmer keur diwawancara
1af436871e	ccf37	Ibu kota kabupaten Pacitan nyaeta Pacitan
1af45d2430	a10f1	Paramitha Rusady olohok ningali Jackie Chan keur diwawancara
1af467acc8	e116c	Cristine Hakim olohok ningali Sienna Miller keur diwawancara
1af4a6bf08	3c69e	Ponky Brata jeung Olivia Munn keur dipoto ku wartawan
1af58860bd	14aa8	Pun lanceuk hoyong angkat ka Kosovo
1af58d0e9a	994c3	Mikha Tambayong jeung Mia Masikowska keur dipoto ku wartawan
1af5ea64e9	7484d	Aming olohok ningali Robin Van Persie keur diwawancara
1af61529df	05742	Vicki Zao dongkap ka Indonesia
1af653a83e	fef55	Gading Marten olohok ningali Michael Jordan keur diwawancara
1af68bacde	9f3bd	Imah adat Sumatra Barat disebut Rumah Gadang.
1af7345c75	7d41f	Ine Shintya olohok ningali Jesse Eisenberg keur diwawancara
1af73a26ab	38f13	Ireng Maulana jeung John Legend keur dipoto ku wartawan
1af7662b9d	7f772	Hetty Koes Endang olohok ningali Kelly Osbourne keur diwawancara
1af80327c8	2b615	Ponky Brata jeung Sean Astin keur dipoto ku wartawan
1af825e773	0f56e	Kaka Slank olohok ningali Donnie Yan keur diwawancara
1af875461f	e5d58	Pirang-pirang media mancanagara ngaliput kakhasan di Padang Arafah dinten Saptu kamari
1af889f7e7	f1b6a	Ayeuna omset Bodypack ningkat dugi ka 5 juta rupiah
1af8be4702	16292	Meisya Siregar olohok ningali Ranbir Kapoor keur diwawancara
1af8c7e6ce	1b767	Ranty Maria jeung Zac Efron keur dipoto ku wartawan
1af909ff71	e4149	Jessica Iskandar olohok ningali Sami Yusuf keur diwawancara
1afa242a78	32d3d	Dewi Rezer olohok ningali Natalie Portman keur diwawancara
1afa859d6b	f100e	Mariana Renata olohok ningali Lance Armstrong keur diwawancara
1afaaaa154	05b86	Anggota DPRD ayeuna mah seseueurna urang Bandung
1afb3b5c6f	97a03	Sora Dude Herlino rancage kabula-bale
1afb9248db	4644d	Nico Siahaan olohok ningali Iggy Azalea keur diwawancara
1afbdb23e8	55178	Judika Sitohang jeung Alexa Chung keur dipoto ku wartawan
1afc753f42	cc705	Okky Setiana Dewi jeung Michael Fassbender keur dipoto ku wartawan
1afcf53633	ecc41	Dewi Lestari jeung Iker Casillas keur dipoto ku wartawan
1afd38e70f	89255	Astrid Tiar olohok ningali Shahid Kapoor keur diwawancara
1afd58b02d	f9ba2	Sandy Sandoro olohok ningali Amir Khan keur diwawancara
1afd90f5cb	d18ce	Julia Robert dongkap ka Indonesia
1afe011b60	3c069	Donar Armando Ekana olohok ningali Jennifer Lawrence keur diwawancara
1afe751aaa	f993c	Seniman nuju ngalukis Bogota
1afe954ba9	e37af	Luna Maya olohok ningali Jack Davenport keur diwawancara
1afed5fac6	f5b36	Dude Herlino jeung Barbara Windsor keur dipoto ku wartawan
1afee9792d	7484d	Dedi Petet jeung Dido keur dipoto ku wartawan
1aff149dfb	6b693	Ririn Dwi Ariyanti jeung Mel Gibson keur dipoto ku wartawan
1affc7ca99	9489f	Cut Tari jeung Shakira keur dipoto ku wartawan
